Title,Rating,Address,Dealings,Service_1,Cost_1,Service_2,Cost_2,Service_3,Cost_3,Service_4,Cost_4,Monday,Tuesday,Wednesday,Thursday,Friday,Saturday,Sunday
Boho Salon DXB,4.9,"Q Gardens Boutique Residences, Dubai Arjan-dubailand, Al Barsha South",Women only,Boho Delux Scalp & Hair Ritual,from aed 300,Curly Deep Conditioning & Styling,from aed 250,Global Color,from aed 450,Cut & Finish,from aed 285,Closed,12:00â€¯pm - 9:00â€¯pm,12:00â€¯pm - 9:00â€¯pm,12:00â€¯pm - 9:00â€¯pm,9:00â€¯am - 6:00â€¯pm,9:00â€¯am - 6:00â€¯pm,9:00â€¯am - 6:00â€¯pm
Stay Flawless Beauty Salon,4.9,"Town Square, Safi Apartments, Nshama, Al Qudra Road, Shop #6, Dubai",Women only,"FLAWLESS CURL CUT, REFRESHER & STYLING",aed 550,Hair Botox,aed 150,FRENCH BRAIDS (ADULT),aed 160,UNICORN BRAIDS,aed 100,10:00â€¯am - 10:00â€¯pm,10:00â€¯am - 10:00â€¯pm,10:00â€¯am - 10:00â€¯pm,10:00â€¯am - 10:00â€¯pm,10:00â€¯am - 10:00â€¯pm,11:00â€¯am - 8:00â€¯pm,10:00â€¯am - 10:00â€¯pm
Let's Fade,5.0,"Wasl R404 Karama, 24 35th Street, 1, Dubai Al Karama, 0000",Men only,Perm - Hair Length: Shortã…¤â†” ã…¤Ø¨ÙŠØ±Ù… - Ø·ÙˆÙ„ Ø§Ù„Ø´Ø¹Ø±: Ù‚ØµÙŠØ±,from aed 400,Hair Settingã…¤â†” ã…¤Ø¥Ø¹Ø¯Ø§Ø¯ Ø§Ù„Ø´Ø¹Ø±,aed 15,Beard Colouring: Normalã…¤â†” ã…¤ØªÙ„ÙˆÙŠÙ† Ø§Ù„Ù„Ø­ÙŠØ©: Ø¹Ø§Ø¯ÙŠ,from aed 30,Natural Colorã…¤â†” ã…¤Ø§Ù„Ù„ÙˆÙ† Ø§Ù„Ø·Ø¨ÙŠØ¹ÙŠ,from aed 50,7:45â€¯am - 12:00â€¯am,7:45â€¯am - 12:00â€¯am,7:45â€¯am - 12:00â€¯am,7:45â€¯am - 12:00â€¯am,7:45â€¯am - 12:00â€¯am,7:45â€¯am - 12:00â€¯am,7:45â€¯am - 12:00â€¯am
Soho Vintage Barbers | Sheikh Zayed Road,4.9,"Duja Tower - Trade Centre 1, Dubai Shop 2",Men only,Free Consultation,free,Kids Haircut,aed 80,Hair Style,aed 70,Hair Bleaching,aed 600,9:00â€¯am - 11:00â€¯pm,9:00â€¯am - 11:00â€¯pm,9:00â€¯am - 11:00â€¯pm,9:00â€¯am - 11:00â€¯pm,9:00â€¯am - 11:00â€¯pm,9:00â€¯am - 11:00â€¯pm,9:00â€¯am - 11:00â€¯pm
Belle Femme Beauty Boutique & Spa - Arabian Ranches,4.9,"Arabian Ranches, The Leisure Centre, Dubai Arabian Ranches 2",Women only,Hair Treatment With Blow Dry (MONDAY ONLY),from aed 250,Blow Dry,aed 105,Simple Hair Style,from aed 370,BB Cream Treatment,"from aed 1,500",9:00â€¯am - 10:00â€¯pm,9:00â€¯am - 10:00â€¯pm,9:00â€¯am - 10:00â€¯pm,9:00â€¯am - 10:00â€¯pm,9:00â€¯am - 10:00â€¯pm,9:00â€¯am - 10:00â€¯pm,9:00â€¯am - 10:00â€¯pm
Locks by Loulou Al Wasl,4.9,"19A - Villa 1A Al Wasl Rd - Jumeirah, Dubai",Women only,Consultation,free,Balayage/ ombre consultation,free,Highlights consultation,free,Consultation Weave,free,9:00â€¯am - 9:00â€¯pm,9:00â€¯am - 9:00â€¯pm,9:00â€¯am - 9:00â€¯pm,9:00â€¯am - 9:00â€¯pm,9:00â€¯am - 7:00â€¯pm,9:00â€¯am - 5:00â€¯pm,9:00â€¯am - 6:00â€¯pm
Nicolas Beauty Salon FZ - LLC,4.9,"Aurora Tower, Al Falak Street, GF, Dubai Al Sufouh, Dubai Media City",Women only,Half Head Highlights,from aed 850,Vitamino Color Spectrum Treatment,aed 250,Hair Toxx Kryotherapy (freezing therapy),aed 450,Ammonia Free Full Head Color,from aed 600,10:30â€¯am - 8:00â€¯pm,10:30â€¯am - 8:00â€¯pm,10:30â€¯am - 8:00â€¯pm,10:30â€¯am - 8:00â€¯pm,10:30â€¯am - 8:00â€¯pm,10:30â€¯am - 8:00â€¯pm,10:30â€¯am - 8:00â€¯pm
Maison De Coiffure Beauty Lounge,4.9,"Hessa Street, Radisson Hotel Building, Dubai Damac Hills",Women only,Keratin Treatment,aed 450,Metal Ring Removal per pc,aed 6,Highlights (Not Including Toner or Roots Color),aed 450,Kids Hair Trim (0-9 years old),aed 100,10:00â€¯am - 10:00â€¯pm,10:00â€¯am - 10:00â€¯pm,10:00â€¯am - 10:00â€¯pm,10:00â€¯am - 10:00â€¯pm,10:00â€¯am - 10:00â€¯pm,10:00â€¯am - 10:00â€¯pm,10:00â€¯am - 10:00â€¯pm
Mood Ladies Salon,4.8,"North Podium Tower 2, Dubai Creek Harbour Residences, Dubai",Women only,ADD ON HAIRSCRUB,aed 35,BB TREATMENT. EXTRA LONG,"aed 2,399",FRINGE BLOWDRY,aed 50,Roots Tinting Application,aed 200,10:00â€¯am - 10:00â€¯pm,10:00â€¯am - 10:00â€¯pm,10:00â€¯am - 10:00â€¯pm,10:00â€¯am - 10:00â€¯pm,10:00â€¯am - 10:00â€¯pm,10:00â€¯am - 10:00â€¯pm,10:00â€¯am - 10:00â€¯pm
Beauty Loft Salon,5.0,"Science Park Mont Rose Tower A, Al Barsha South, Dubai",Not specified,Roots Color Schwarzkopf,aed 265,Brazilian Blow-Out,from aed 550,Hair Extensions Fitting (Including Blow-Dry),from aed 295,Hair Wash (Including Drying),aed 65,11:00â€¯am - 9:00â€¯pm,11:00â€¯am - 9:00â€¯pm,11:00â€¯am - 9:00â€¯pm,11:00â€¯am - 9:00â€¯pm,11:00â€¯am - 9:00â€¯pm,10:00â€¯am - 8:00â€¯pm,10:00â€¯am - 8:00â€¯pm
Beauty Room Salon and Spa | Nad Al Sheba,4.8,"Nad Al Sheba - Nad Al Sheba 2 - Dubai, Dubai Nad Al Sheba, Nad Al Sheba 2",Women only,Straight Blow Dry | Short Hair,aed 80,Hair Cut,aed 150,Full Color,aed 350,Hair Extension Removal & Reaaplication Per Piece,aed 10,10:00â€¯am - 10:00â€¯pm,10:00â€¯am - 10:00â€¯pm,10:00â€¯am - 10:00â€¯pm,10:00â€¯am - 10:00â€¯pm,10:00â€¯am - 10:00â€¯pm,10:00â€¯am - 10:00â€¯pm,10:00â€¯am - 10:00â€¯pm
Pretty Wow,5.0,"Red Diamond Building, 35G3+WXH, S201/202/203, Dubai JLT",Women only,1:1 Summer Promo,"aed 4,000",Blow Dry,aed 160,Masterclass Group Lesson - Weft & Nano,"aed 1,999",Hair Up,aed 300,9:00â€¯am - 9:00â€¯pm,9:00â€¯am - 9:00â€¯pm,9:00â€¯am - 9:00â€¯pm,9:00â€¯am - 9:00â€¯pm,9:00â€¯am - 9:00â€¯pm,7:00â€¯am - 4:00â€¯pm,9:00â€¯am - 6:00â€¯pm
Curve Beauty Salon,5.0,"Al Sahab Tower 1, Dubai Dubai Marina",Women only,Hair Trimming,aed 120,Half Head Highlight,aed 250,The Serene Scalp and Hair Ritual,aed 360,Mini Me Haircut,aed 180,9:00â€¯am - 10:00â€¯pm,9:00â€¯am - 10:00â€¯pm,9:00â€¯am - 10:00â€¯pm,9:00â€¯am - 10:00â€¯pm,9:00â€¯am - 10:00â€¯pm,9:00â€¯am - 10:00â€¯pm,9:00â€¯am - 10:00â€¯pm
WOW Beauty Salon - Dubai Mall,4.8,"The Dubai Mall, LG Floor, Facing Waitrose Supermarket, Dubai Downtown Dubai",Women only,Add On | WOWHAIR156,aed 50,Bond Pro Treatment Very Long | WOWHAIR53,aed 350,Hair Tranformation Package Long to Very Long AED1499,"aed 1,499",Bond Pro Treatment Long | WOWHAIR52,aed 290,10:00â€¯am - 12:00â€¯am,10:00â€¯am - 12:00â€¯am,10:00â€¯am - 12:00â€¯am,10:00â€¯am - 12:00â€¯am,10:00â€¯am - 12:00â€¯am,10:00â€¯am - 12:00â€¯am,10:00â€¯am - 12:00â€¯am
Cabello Lounge Femme Ladies Salon,5.0,"Downtown Views II, Tower 1, 672J+W42, Dubai Za'abeel, Za'abeel 2",Women only,K18 Treatment,aed 265,Hair Cut,aed 210,Olaplex Repair Add on Service,aed 210,Kevin Murphy Treatment,aed 265,10:00â€¯am - 10:00â€¯pm,10:00â€¯am - 10:00â€¯pm,10:00â€¯am - 10:00â€¯pm,10:00â€¯am - 10:00â€¯pm,10:00â€¯am - 10:00â€¯pm,10:00â€¯am - 10:00â€¯pm,10:00â€¯am - 10:00â€¯pm
Lunatic Fringe Ladies Salon,4.9,"Le Royal Meridien Beach Resort & Spa, Al Mamsha Street, Dubai Dubai Marina",Women only,Hair Style - Half Updo,from aed 350,Tape Extension ( Slim - Line and invisi Tapes) - Removal,aed 200,Air Touch,"from aed 1,200",Roots Color,from aed 300,10:00â€¯am - 8:30â€¯pm,10:00â€¯am - 8:30â€¯pm,10:00â€¯am - 8:30â€¯pm,10:00â€¯am - 8:30â€¯pm,10:00â€¯am - 8:30â€¯pm,10:00â€¯am - 8:30â€¯pm,10:00â€¯am - 8:30â€¯pm
The Hideaway,4.9,"403 Jumeirah Beach Rd, Al Athar Street, La Plage, Dubai",Women only,Hair Consultation,aed 0,Balayage,from aed 770,Trim,from aed 81,Grape Keratin Treatment,"aed 1,050",Closed,9:00â€¯am - 8:00â€¯pm,9:00â€¯am - 8:00â€¯pm,9:00â€¯am - 8:00â€¯pm,9:00â€¯am - 8:00â€¯pm,9:00â€¯am - 8:00â€¯pm,9:00â€¯am - 8:00â€¯pm
Sota Salon,4.9,"Sota Salon, Regina Tower, Dubai District 12, Ø¯Ø¨ÙŠ",Women only,Face Frame,from aed 450,Hair Consultation,aed 0,Weave/Tape Extension/Nano (50g) Removal,from aed 150,Balayage Maintenance,from aed 650,9:00â€¯am - 9:00â€¯pm,9:00â€¯am - 9:00â€¯pm,9:00â€¯am - 9:00â€¯pm,9:00â€¯am - 9:00â€¯pm,9:00â€¯am - 9:00â€¯pm,9:00â€¯am - 9:00â€¯pm,9:00â€¯am - 7:00â€¯pm
Musk Barbershop JVT,5.0,"Jeera V (formerly BQ2 Residence), 25VV+HH2, Dubai Jumeirah Village, Jumeirah Village Triangle",Men only,"Trim, Wash & Blow Dry",aed 89,Full Hair Color,aed 165,Beard Color,aed 55,Highlights,aed 300,11:00â€¯am - 10:00â€¯pm,11:00â€¯am - 10:00â€¯pm,11:00â€¯am - 10:00â€¯pm,11:00â€¯am - 10:00â€¯pm,11:00â€¯am - 10:00â€¯pm,11:00â€¯am - 10:00â€¯pm,11:00â€¯am - 10:00â€¯pm
Menspire Dubai,5.0,"Riviera 28, Mohammed Bin Rashid City CP02 014, Dubai Nad Al Sheba 1",Not specified,Luxury Shave,aed 200,Revitalising Facial,aed 250,Combo Wax,aed 70,Hair & Beard,from aed 220,10:00â€¯am - 10:00â€¯pm,10:00â€¯am - 10:00â€¯pm,10:00â€¯am - 10:00â€¯pm,10:00â€¯am - 10:00â€¯pm,10:00â€¯am - 10:00â€¯pm,10:00â€¯am - 10:00â€¯pm,10:00â€¯am - 10:00â€¯pm
Soho Vintage Barbers | Media City,5.0,"Business Central Tower, Dubai Al Sufouh2, Dubai Media City",Men only,Free Consultation,free,Kids Haircut,aed 80,Hair Style,aed 70,Hair Bleaching,aed 600,9:00â€¯am - 11:00â€¯pm,9:00â€¯am - 11:00â€¯pm,9:00â€¯am - 11:00â€¯pm,9:00â€¯am - 11:00â€¯pm,9:00â€¯am - 11:00â€¯pm,9:00â€¯am - 11:00â€¯pm,9:00â€¯am - 11:00â€¯pm
BellaVie Beauty Salon and Spa,4.9,"Al Barsha 3, Hessa Street, 39 Street, Villa 2, Dubai",Women only,Hair Wash,aed 45,Banya hair reborn treatment,aed 170,Blow Dry,aed 99,Moisturize and Shine by Estel additional same day with colouring,aed 109,10:00â€¯am - 10:00â€¯pm,10:00â€¯am - 10:00â€¯pm,10:00â€¯am - 10:00â€¯pm,10:00â€¯am - 10:00â€¯pm,10:00â€¯am - 10:00â€¯pm,10:00â€¯am - 10:00â€¯pm,10:00â€¯am - 10:00â€¯pm
Beauty Room Salon & Spa - Nad Al Hammar Union Coop,4.8,"59RV+32 Mall, Union Coop, Dubai Nadd Al Hamar",Women only,Kids Blow Dry S/M,aed 80,Kerastase Glass Gloss,aed 399,Botox/BB Cream/ Protein,aed 700,Natural Aloe Vera Hair Treatment,aed 168,10:00â€¯am - 10:00â€¯pm,10:00â€¯am - 10:00â€¯pm,10:00â€¯am - 10:00â€¯pm,10:00â€¯am - 10:00â€¯pm,10:00â€¯am - 10:00â€¯pm,10:00â€¯am - 10:00â€¯pm,10:00â€¯am - 10:00â€¯pm
Tito & Tuthill Ladies Salon,4.9,"The Springs Souk, Al Afnan Street, Dubai",Women only,Hair Wash with Quick dry,aed 63,Toner,aed 210,Fringe cut,aed 50,Brazilian Blowout,aed 350,9:00â€¯am - 10:00â€¯pm,9:00â€¯am - 10:00â€¯pm,9:00â€¯am - 10:00â€¯pm,9:00â€¯am - 10:00â€¯pm,9:00â€¯am - 10:00â€¯pm,9:00â€¯am - 10:00â€¯pm,9:00â€¯am - 10:00â€¯pm
Yasmin Beauty Lounge,4.8,"Ù‚Ø±ÙŠØ© Ø¬Ù…ÙŠØ±Ø§ Ø§Ù„Ø¯Ø§Ø¦Ø±ÙŠØ©, Dubai Jumeirah Village",Women only,Simple Hairstyle,aed 250,Haircut Only,aed 280,Truss (Mask ),aed 100,Deposit ( Hair Extension),from aed 500,10:00â€¯am - 10:00â€¯pm,10:00â€¯am - 10:00â€¯pm,10:00â€¯am - 10:00â€¯pm,10:00â€¯am - 10:00â€¯pm,10:00â€¯am - 10:00â€¯pm,10:00â€¯am - 10:00â€¯pm,10:00â€¯am - 10:00â€¯pm
Jalal Hafed Gents Salon,5.0,"Building 6, Al Raya Street, City Walk Dubai, Dubai",Men only,Hair wash,aed 75,Hair Colour,from aed 400,Hair Colour (Bright Colour / White / Silver),aed 850,Toner (Required for Bleach/White/Silver Tones),aed 200,9:00â€¯am - 9:00â€¯pm,9:00â€¯am - 9:00â€¯pm,9:00â€¯am - 9:00â€¯pm,9:00â€¯am - 9:00â€¯pm,9:00â€¯am - 9:00â€¯pm,9:00â€¯am - 9:00â€¯pm,9:00â€¯am - 9:00â€¯pm
Amber Beauty Salon | Meydan,4.8,"Dar Mira Building, Dubai Nad Al Sheba, Nad Al Sheba 1",Women only,Loreal Treatment,aed 200,keratin treatment,"aed 1,000",low light,aed 350,BB CREME Hair Treatment,aed 450,9:00â€¯am - 9:00â€¯pm,9:00â€¯am - 9:00â€¯pm,9:00â€¯am - 9:00â€¯pm,9:00â€¯am - 9:00â€¯pm,9:00â€¯am - 9:00â€¯pm,9:00â€¯am - 9:00â€¯pm,Closed
Freya Beauty Salon JVC,4.9,"Park View Tower, Dubai Jumeirah village circle",Women only,Extra long hair,aed 250,Hair color/extensions consultation,free,Cut & Blowdry,aed 350,Beaded Weft Installation (2 rows),aed 350,10:00â€¯am - 8:00â€¯pm,10:00â€¯am - 8:00â€¯pm,10:00â€¯am - 8:00â€¯pm,10:00â€¯am - 8:00â€¯pm,10:00â€¯am - 8:00â€¯pm,10:00â€¯am - 8:00â€¯pm,10:00â€¯am - 8:00â€¯pm
Victor Keyrouz X Amaraya,4.9,"1st Floor, Al Shafar Building 7, Al Wasl Road - Al Bada'a, 1st Floor, Dubai",Women only,Hair Treatment,aed 500,Styling-Daily (Blowdry),aed 220,Little Princess Haircut,aed 110,Roots Hair Color,aed 250,10:00â€¯am - 9:00â€¯pm,10:00â€¯am - 9:00â€¯pm,10:00â€¯am - 9:00â€¯pm,10:00â€¯am - 9:00â€¯pm,10:00â€¯am - 9:00â€¯pm,10:00â€¯am - 9:00â€¯pm,10:00â€¯am - 9:00â€¯pm
Corail Beauty Salon,5.0,"Al Waleed Garden Building, Dubai Al Jaddaf",Women only,blow out face contour,aed 170,Hair wash,aed 60,Blond Absolu Kerastase,aed 250,Micro hair extension - 50 pcs,aed 750,11:00â€¯am - 9:00â€¯pm,11:00â€¯am - 9:00â€¯pm,11:00â€¯am - 9:00â€¯pm,11:00â€¯am - 9:00â€¯pm,11:00â€¯am - 9:00â€¯pm,11:00â€¯am - 9:00â€¯pm,11:00â€¯am - 9:00â€¯pm
The Most Hair Design Ladies Salon,4.9,"Ground floor Building 6 - Dubai Design District - Dubai, Dubai Dubai Design District",Women only,Any Hair Color Services Please Call For Consultation First.,free,Karsell Collagen,from aed 367.50,Blow Dry,from aed 110.25,Brazilian Hair Treatment,from aed 262.50,10:00â€¯am - 9:00â€¯pm,10:00â€¯am - 9:00â€¯pm,10:00â€¯am - 9:00â€¯pm,10:00â€¯am - 9:00â€¯pm,10:00â€¯am - 9:00â€¯pm,10:00â€¯am - 9:00â€¯pm,Closed
The Nail Pavilion JLT,4.9,"Goldcrest Views 1, Dubai Jumeirah Lakes Towers",Women only,HSC,aed 71,K18 Hair Repair,aed 300,Fiber Clinix,aed 200,Schwarzkopf Treatment,aed 200,9:00â€¯am - 9:00â€¯pm,9:00â€¯am - 9:00â€¯pm,9:00â€¯am - 9:00â€¯pm,9:00â€¯am - 9:00â€¯pm,9:00â€¯am - 9:00â€¯pm,9:00â€¯am - 9:00â€¯pm,9:00â€¯am - 9:00â€¯pm
Paulista Ladies Salon,4.9,"Al Habtoor Residence Tower, 4th Floor, Marina Walk, Dubai Dubai Marina",Women only,Comb-line hair extensions installation only,from aed 300,Hair Cut,from aed 80,Classic Tint,from aed 350,Blow Dry,aed 150,10:00â€¯am - 10:00â€¯pm,10:00â€¯am - 10:00â€¯pm,10:00â€¯am - 10:00â€¯pm,10:00â€¯am - 10:00â€¯pm,10:00â€¯am - 10:00â€¯pm,10:00â€¯am - 10:00â€¯pm,10:00â€¯am - 10:00â€¯pm
Beautify Me Ladies Salon & Spa,4.8,"Beautify Me Ladies Salon & Spa, Dubai, 9th St, Block E, Shop E08, Nadd Al Hamar Avenues, Nadd Al Hamar, Deira, Ø¯Ø¨ÙŠ Ù†Ø¯ Ø§Ù„Ø­Ù…Ø±",Women only,Add on Natural Oil,aed 21,Hair Wash â€“ Short / - Ù„Ù„Ø´Ø¹Ø± Ø§Ù„Ù‚ØµÙŠØ± ÙˆØ§Ù„Ù…ØªÙˆØ³Ø·,aed 35,NATURAL HAIR EXTENSION ORIGINAL 1 SET,"aed 1,417",Express Quattrolio Protein Treatment /Ø¹Ù„Ø§Ø¬ Ø§Ù„ÙƒÙˆØ§ØªØ±ÙˆÙ„ÙŠÙˆ Ø¨Ø±ÙˆØªÙŠÙ† Ø§Ù„Ø·Ø¨ÙŠØ¹ÙŠ - Ù„Ù„Ø´Ø¹Ø± Ø§Ù„Ù‚ØµÙŠØ±,aed 367.50,11:00â€¯am - 10:00â€¯pm,11:00â€¯am - 10:00â€¯pm,11:00â€¯am - 10:00â€¯pm,11:00â€¯am - 10:00â€¯pm,11:00â€¯am - 10:00â€¯pm,11:00â€¯am - 10:00â€¯pm,11:00â€¯am - 10:00â€¯pm
Code Hair Ladies Salon,4.9,"Sidra Tower, Al Sufouh 1, Dubai",Women only,Consultation,free,Roots Regrowth Colour,aed 340,Bond Repair Mist,aed 350,K18 REPAIR HAIR MIST,from aed 80,10:30â€¯am - 8:30â€¯pm,10:30â€¯am - 8:30â€¯pm,10:30â€¯am - 8:30â€¯pm,10:30â€¯am - 9:00â€¯pm,11:00â€¯am - 9:00â€¯pm,10:30â€¯am - 8:30â€¯pm,10:30â€¯am - 8:30â€¯pm
Cabello Lounge - Uptown Mirdif,4.9,"112 15th Street, Dubai Mirdif",Not specified,Highlights - Long,aed 450,Eyebrow Coloring,aed 40,Beard Protein,aed 170,Highlights - Short,aed 100,10:00â€¯am - 10:00â€¯pm,10:00â€¯am - 10:00â€¯pm,10:00â€¯am - 10:00â€¯pm,10:00â€¯am - 10:00â€¯pm,10:00â€¯am - 10:00â€¯pm,10:00â€¯am - 10:00â€¯pm,10:00â€¯am - 10:00â€¯pm
Royal Nordic Beauty Salon,4.9,"La Plage Residence, 55 A Street, Shop 3, Dubai Jumeirah 2",Women only,Liquid colours,from aed 300,Scalp&dandruff treatment,aed 262.50,NATULIQE HAIR TREATMENT,from aed 450,TOKIO IMKARAMI TREATMENT,from aed 800,10:00â€¯am - 9:00â€¯pm,10:00â€¯am - 9:00â€¯pm,10:00â€¯am - 9:00â€¯pm,10:00â€¯am - 9:00â€¯pm,10:00â€¯am - 9:00â€¯pm,10:00â€¯am - 9:00â€¯pm,10:00â€¯am - 9:00â€¯pm
Tess Avenue Beauty Salon,4.9,"170b Jumeirah Street, Villa 33, Dubai Jumeirah, Jumeirahjumeirah 1",Women only,Japanese Hair Spa,from aed 500,Air touch,"aed 1,000",Philip Martin's Hair Loss Treatment,aed 500,Hair Extension Application 1 Pc,aed 15,10:00â€¯am - 10:00â€¯pm,10:00â€¯am - 10:00â€¯pm,10:00â€¯am - 10:00â€¯pm,10:00â€¯am - 10:00â€¯pm,10:00â€¯am - 10:00â€¯pm,10:00â€¯am - 10:00â€¯pm,10:00â€¯am - 10:00â€¯pm
The Beauty House by Takhmina Usmani,4.8,"Dunya Tower, Downtown, Ground Floor, Shop #4, Dubai",Women only,Permanent curls by Kirjan,from aed 500,Fringe Cut,aed 150,Airtouch,"aed 1,400",Blow Dry Classic,aed 180,10:00â€¯am - 8:00â€¯pm,10:00â€¯am - 8:00â€¯pm,10:00â€¯am - 8:00â€¯pm,10:00â€¯am - 8:00â€¯pm,10:00â€¯am - 8:00â€¯pm,10:00â€¯am - 8:00â€¯pm,Closed
Amazigh Beauty Salon,4.9,"Al Ghaf 1, Dubai Arjan-dubailand, Al Barsha South",Women only,Full Colour,aed 310,Keratin,"aed 1,200",Nano Keratin hair extension removal,aed 300,Amonia Free,from aed 50,11:00â€¯am - 10:00â€¯pm,11:00â€¯am - 10:00â€¯pm,11:00â€¯am - 10:00â€¯pm,11:00â€¯am - 10:00â€¯pm,11:00â€¯am - 10:00â€¯pm,11:00â€¯am - 10:00â€¯pm,11:00â€¯am - 10:00â€¯pm
FRQNCY Hair Salon,5.0,"Resortz by Danube, Arjan, Ground Floor, Dubai",Women only,Face Frame,from aed 200,Full Moon Cut - Senior Stylist,aed 850,Roots Color,from aed 330,Haircut & Blow Dry,from aed 550,Closed,10:00â€¯am - 7:00â€¯pm,10:00â€¯am - 7:00â€¯pm,10:00â€¯am - 7:00â€¯pm,10:00â€¯am - 7:00â€¯pm,10:00â€¯am - 7:00â€¯pm,Closed
Maison Nefertari Salon,4.9,"Maison Nefartari, next to Esposa, Villa 6, Dubai Jumeirah, Jumeirah 1",Women only,Davines Express Treatments,aed 150,Wash & Blow Dry,aed 125,Rebalancing Cleansing Treatment,aed 350,Hair style-Party,aed 350,10:00â€¯am - 8:00â€¯pm,10:00â€¯am - 8:00â€¯pm,10:00â€¯am - 8:00â€¯pm,10:00â€¯am - 8:00â€¯pm,10:00â€¯am - 8:00â€¯pm,10:00â€¯am - 8:00â€¯pm,10:00â€¯am - 8:00â€¯pm
Nail'd it Dubai Mall,4.8,"Financial Center Street, Along Sheikh Zayed Road, Next to Burj Khalifa, Dubai Downtown Dubai",Women only,Signature Blow Dry,aed 75,VIP Room Hire,"aed 1,000",Add On Treatments,aed 220,Bleach,aed 500,10:00â€¯am - 11:00â€¯pm,10:00â€¯am - 11:00â€¯pm,10:00â€¯am - 11:00â€¯pm,10:00â€¯am - 11:00â€¯pm,10:00â€¯am - 11:55â€¯pm,10:00â€¯am - 11:55â€¯pm,10:00â€¯am - 11:55â€¯pm
La Fazou Beauty Lounge,5.0,"369M+5M, Dubai Arjan-dubailand, Al Barsha South",Women only,Hair Extension Application per Piece,aed 25,Hair cut,aed 250,Hair Botox,aed 700,KI8,aed 150,10:00â€¯am - 10:00â€¯pm,10:00â€¯am - 10:00â€¯pm,10:00â€¯am - 10:00â€¯pm,10:00â€¯am - 10:00â€¯pm,10:00â€¯am - 10:00â€¯pm,10:00â€¯am - 10:00â€¯pm,10:00â€¯am - 10:00â€¯pm
Version Francaise Pour Elle,5.0,"Villa 873, Al Wasl Road, Dubai Al Safa, Al Safa 2",Women only,Japanese Head Spa,aed 550,KERASTASE LUXURY PROTOCOLS,aed 70,KERASTASE - PremiÃ¨re Treatment,aed 275,Kerastase Treatment | Fusiodose 1booster,aed 175,9:30â€¯am - 7:30â€¯pm,9:30â€¯am - 7:30â€¯pm,9:30â€¯am - 7:30â€¯pm,9:30â€¯am - 7:30â€¯pm,9:30â€¯am - 7:30â€¯pm,9:30â€¯am - 7:30â€¯pm,9:30â€¯am - 2:30â€¯pm
Niche Hair and Beauty Salon,5.0,"Niche Hair & Beauty Salon, Sobha Hartland, Dubai, One Park Avenue, Ø¯Ø¨ÙŠ Ù†Ø¯ Ø§Ù„Ø´Ø¨Ø§ 1",Women only,Extensions Fixing,from aed 160,Brae Smoothing Treatment-Application Extra Long,aed 799,Bespoke Transformation Gold,"from aed 2,519",Hair Consultation,aed 110,9:00â€¯am - 9:00â€¯pm,9:00â€¯am - 9:00â€¯pm,9:00â€¯am - 9:00â€¯pm,9:00â€¯am - 9:00â€¯pm,9:00â€¯am - 9:00â€¯pm,9:00â€¯am - 9:00â€¯pm,9:00â€¯am - 9:00â€¯pm
Barbero Gentlemen's Lounge,4.9,"Roda Al Morouj Aparment Building A - Financial Center Rd, Dubai",Men only,PROTEIN,aed 525,Colour Camo,aed 105,Hair treatment long hair,aed 250,PROTEIN,aed 630,9:00â€¯am - 11:00â€¯pm,9:00â€¯am - 11:00â€¯pm,9:00â€¯am - 11:00â€¯pm,9:00â€¯am - 11:00â€¯pm,9:00â€¯am - 11:00â€¯pm,9:00â€¯am - 11:00â€¯pm,9:00â€¯am - 11:00â€¯pm
Vog Beauty Salon For Ladies,5.0,"Unnamed Road, 38VC+PW9, Ø¯Ø¨ÙŠ Majan",Women only,Full Hair Color,from aed 200,Hair trim Layer,from aed 120,Hairwash and blowdry medium to long,aed 150,Hair Cream ( Normal ),aed 90,Not found,Not found,Not found,Not found,Not found,Not found,Not found
R Style Salon,4.8,"Rstyle Beauty Salon, Burj Khalifa Blvd, Burj Khalifa Boulevard, Dubai Downtown Dubai",Not specified,Hair Extension One by One (1pc),from aed 6.60,Hair Mask RStyle + Normal Blowdry,aed 198,ison vegan treatment,aed 300,Hair Cut,aed 264,10:00â€¯am - 10:00â€¯pm,10:00â€¯am - 10:00â€¯pm,10:00â€¯am - 10:00â€¯pm,10:00â€¯am - 10:00â€¯pm,10:00â€¯am - 10:00â€¯pm,10:00â€¯am - 10:00â€¯pm,10:00â€¯am - 10:00â€¯pm
HEARTS | space of beauty,5.0,"HEARTS | space of beauty, 304 Jumeirah Street, Dubai Jumeirah, Jumeirah 2",Not specified,Haircut,aed 400,Botox Brae,"aed 1,100",Consultationt,aed 0,Botox Brae Puring Express,aed 350,9:00â€¯am - 9:00â€¯pm,9:00â€¯am - 9:00â€¯pm,9:00â€¯am - 9:00â€¯pm,9:00â€¯am - 9:00â€¯pm,9:00â€¯am - 9:00â€¯pm,9:00â€¯am - 9:00â€¯pm,9:00â€¯am - 9:00â€¯pm
Amber Gents Salon - Paramount,4.9,"Paramount Hotel, Damac Towers - Business Bay, Abraj Street - Marasi Dr, Dubai",Men only,Hair Color,aed 175,SP Color,aed 150,Hair Dry Treatment,aed 50,Keratin,from aed 300,10:30â€¯am - 9:00â€¯pm,10:30â€¯am - 9:00â€¯pm,10:30â€¯am - 9:00â€¯pm,10:30â€¯am - 9:00â€¯pm,12:30â€¯pm - 9:00â€¯pm,10:30â€¯am - 9:00â€¯pm,10:30â€¯am - 9:00â€¯pm
Lish Beauty Bar,4.9,"Cluster M, Dubai Jumeirah Lakes Towers",Women only,Deep Conditioning Mask Add On,aed 50,HAIR EXTENSION CONSULTATION,free,Hair Cut,from aed 50,Hair Color / Toner / Roots,free,9:00â€¯am - 9:00â€¯pm,9:00â€¯am - 9:00â€¯pm,9:00â€¯am - 9:00â€¯pm,9:00â€¯am - 9:00â€¯pm,9:00â€¯am - 9:00â€¯pm,9:00â€¯am - 9:00â€¯pm,9:00â€¯am - 9:00â€¯pm
Alina Beauty Space,4.8,"Living Legends, Andalusia Court Yard Mall, Shop 26, Dubai",Women only,MOREMO TREATMENT SHORT,aed 550,MOREMO TREATMENT LONG,aed 650,roots color application,aed 82,blast dry,aed 28,12:00â€¯pm - 8:00â€¯pm,12:00â€¯pm - 8:00â€¯pm,12:00â€¯pm - 8:00â€¯pm,12:00â€¯pm - 8:00â€¯pm,12:00â€¯pm - 8:00â€¯pm,12:00â€¯pm - 8:00â€¯pm,12:00â€¯pm - 8:00â€¯pm
"Heart and Soul Spa, Al Barari",4.9,"Al barrari, Dubai Al Barari",Not specified,Hairwash,aed 84,MQ Hair Treatment,aed 250,Hair cut with Blow Dry,aed 158,Hair Cut and Hair wash,aed 120,10:00â€¯am - 8:00â€¯pm,10:00â€¯am - 8:00â€¯pm,10:00â€¯am - 8:00â€¯pm,10:00â€¯am - 8:00â€¯pm,10:00â€¯am - 8:00â€¯pm,10:00â€¯am - 8:00â€¯pm,10:00â€¯am - 8:00â€¯pm
Nails By Dash Beauty Salon,4.9,"Arjan, Vincitore Boulevard, Al Barsha South Three, Dubai, Plot No. 673-1343, Retail Shop 18, Ø¯Ø¨ÙŠ Ø£Ø±Ø¬Ø§Ù† Ø¯Ø¨ÙŠ Ù„Ø§Ù†Ø¯, Ø¬Ù†ÙˆØ¨ Ø§Ù„Ø¨Ø±Ø´Ø§Ø¡",Women only,PRINCES WASH & BLOWDRY (Below 10years old),aed 100,TONER,from aed 250,Tokio Inkarami Hair Treatment,aed 550,PRINCESS HAIRCUT (Below 10years old),aed 90,11:00â€¯am - 9:00â€¯pm,11:00â€¯am - 9:00â€¯pm,11:00â€¯am - 9:00â€¯pm,11:00â€¯am - 9:00â€¯pm,11:00â€¯am - 9:00â€¯pm,11:00â€¯am - 9:00â€¯pm,11:00â€¯am - 9:00â€¯pm
Casa Rio Beauty Salon,4.7,"DAMAC Ghalia Tower, Lazuward South West, https://casario-dubai.com, Dubai Jumeirah Village, 0000",Not specified,Hair Extension removal (Capsule),aed 200,Roots color application only,aed 100,Pr,free,Blow Dry,from aed 100,Not found,Not found,Not found,Not found,Not found,Not found,Not found
Noona Beauty Elegance - JBR,4.6,"Amwaj Rotana Hotel - Level 1 Al Sayorah St - Jumeirah Beach Residence - Dubai, Dubai Dubai JBR",Not specified,Botox Hair Treatment | Duration Subject to Diagnostics - Thickness and length of your hair.,aed 299,Trim (Wash + Trim the same cut + Blow Dry),aed 90,Artisan Braids,aed 100,Henna application,aed 100,11:00â€¯am - 9:00â€¯pm,11:00â€¯am - 9:00â€¯pm,11:00â€¯am - 9:00â€¯pm,11:00â€¯am - 9:00â€¯pm,11:00â€¯am - 9:00â€¯pm,11:00â€¯am - 9:00â€¯pm,11:00â€¯am - 9:00â€¯pm
Le Merveilleux 99 Salon,4.9,"Le Merveilleux 99 Salon, Braih St, Dubai Dubai Marina",Not specified,HAIR CONSULTATION,free,Roots Color,aed 350,Ice Hair Extension,aed 4,KERATIN EXTENSION,from aed 12.50,11:00â€¯am - 10:00â€¯pm,11:00â€¯am - 10:00â€¯pm,11:00â€¯am - 10:00â€¯pm,11:00â€¯am - 10:00â€¯pm,11:00â€¯am - 10:00â€¯pm,11:00â€¯am - 10:00â€¯pm,11:00â€¯am - 10:00â€¯pm
Barber Bliss L.L.C,5.0,"Barber Bliss Barber Shop, 57RR+GCJ The Bay Building, Shop No. 5, Shop No. 5, Dubai Business Bay",Not specified,Beard Style,aed 65,Blow Dry Hairstyling (SHORT),aed 60,Blow Dry Hairstyling (LONG),aed 105,Gutti Color,aed 55,10:00â€¯am - 11:00â€¯pm,10:00â€¯am - 11:00â€¯pm,10:00â€¯am - 11:00â€¯pm,10:00â€¯am - 11:00â€¯pm,10:00â€¯am - 11:00â€¯pm,10:00â€¯am - 11:00â€¯pm,10:00â€¯am - 11:00â€¯pm
Tag Ladies Beauty Salon,4.9,"Dhana Residency, Savills Property, Ground Floor, Shop 1, Dubai Al Satwa, SZR",Women only,Hair styling,from aed 100,Brazillian hair spa,aed 200,Baby hair cut,aed 100,Hair wash,aed 40,11:00â€¯am - 8:00â€¯pm,11:00â€¯am - 8:00â€¯pm,11:00â€¯am - 8:00â€¯pm,11:00â€¯am - 8:00â€¯pm,11:00â€¯am - 8:00â€¯pm,11:00â€¯am - 8:00â€¯pm,Closed
Dessange,5.0,"DubaÃ¯, 164b Jumeirah Street, Dubai Jumeirah, Jumeirah 1",Women only,special event,"from aed 5,000",Original Care With Honey & Everlasting Flower Cream,aed 600,Botox treatment,"aed 1,500",Cut Children,aed 260,10:00â€¯am - 8:00â€¯pm,10:00â€¯am - 8:00â€¯pm,10:00â€¯am - 8:00â€¯pm,10:00â€¯am - 8:00â€¯pm,10:00â€¯am - 8:00â€¯pm,10:00â€¯am - 8:00â€¯pm,Closed
Lioness Beauty Salon,4.6,"Al Wasl Road, Dubai",Not specified,Hair tape extensions (per pkt),"aed 1,050",Kids fringe hair cut,aed 26.25,Rosemary hot oil,aed 157.50,Lâ€™OrÃ©al Scalp advanced,aed 262.50,10:00â€¯am - 10:00â€¯pm,10:00â€¯am - 10:00â€¯pm,10:00â€¯am - 10:00â€¯pm,10:00â€¯am - 10:00â€¯pm,10:00â€¯am - 10:00â€¯pm,10:00â€¯am - 10:00â€¯pm,10:00â€¯am - 10:00â€¯pm
The Barber Code Gents Salon,5.0,"GBS, GF, Dubai Al Sufouh, Dubai Media City",Men only,Hair Colour Camouflage,aed 210,Highlights & Lowlights,from aed 250,Highlights,from aed 250,Buzz Cut,aed 95,10:00â€¯am - 8:30â€¯pm,10:00â€¯am - 8:30â€¯pm,10:00â€¯am - 8:30â€¯pm,10:00â€¯am - 8:30â€¯pm,10:00â€¯am - 8:30â€¯pm,10:00â€¯am - 8:30â€¯pm,10:00â€¯am - 8:30â€¯pm
Vita Lita Beauty Salon,5.0,"Habtoor Grand Hotel & Resort, Dubai",Women only,Root Color Touch-Up,aed 345,Braids,aed 100,Creative Toner,aed 300,Hair Consultation,aed 0,10:00â€¯am - 8:00â€¯pm,10:00â€¯am - 8:00â€¯pm,10:00â€¯am - 8:00â€¯pm,10:00â€¯am - 8:00â€¯pm,10:00â€¯am - 8:00â€¯pm,10:00â€¯am - 8:00â€¯pm,10:00â€¯am - 8:00â€¯pm
L'Art de Coiffure Salon,4.9,"Lâ€™art De Coiffure Beauty Salon, Ag Tower, Marasi Drive, Dubai Business Bay",Women only,Blow Dry,aed 150,Hair Cut Trimming,aed 150,Blow Dry Wavy,aed 200,Hair Cut Transformation,aed 250,10:00â€¯am - 11:00â€¯pm,10:00â€¯am - 11:00â€¯pm,10:00â€¯am - 11:00â€¯pm,10:00â€¯am - 11:00â€¯pm,10:00â€¯am - 11:00â€¯pm,10:00â€¯am - 11:00â€¯pm,10:00â€¯am - 11:00â€¯pm
Amores Beauty Lounge,5.0,"Amores, Kharbash building- shop, 5 Jumeirah Street, Dubai Umm Suqeim, Umm Suqeim 1",Not specified,TAPE EXTENSION (per sandwich),from aed 20,CURLS,from aed 120,RESTYLING HAIRCUT,from aed 300,ROOTS HIGHLIGHTS,from aed 600,12:00â€¯pm - 9:00â€¯pm,12:00â€¯pm - 9:00â€¯pm,12:00â€¯pm - 9:00â€¯pm,12:00â€¯pm - 9:00â€¯pm,12:00â€¯pm - 9:00â€¯pm,12:00â€¯pm - 9:00â€¯pm,12:00â€¯pm - 9:00â€¯pm
Tiger Gents Salon,"Tiger Gents Salon, Lake Central Tower, Marasi Dr, Business Bay, Dubai",2h - 2h 30min,Not specified,aed 250,20min - 25min,aed 30,35min - 40min,from aed 80,25min,aed 50,Cost_4 not found,10:00â€¯am - 12:00â€¯am,10:00â€¯am - 12:00â€¯am,10:00â€¯am - 12:00â€¯am,10:00â€¯am - 12:00â€¯am,10:00â€¯am - 12:00â€¯am,10:00â€¯am - 12:00â€¯am,10:00â€¯am - 12:00â€¯am
The Barber House - JLT,5.0,"Cluster Q - Front Shop, Saba 2 Tower, Dubai Jumeirah Lake Tower",Men only,Detoxifying Mud Scalp Treatment,aed 100,Curly Hair Perm,aed 475,Hairskeen Hair System,aed 0,Camouflage Hair,aed 100,9:00â€¯am - 12:00â€¯am,9:00â€¯am - 12:00â€¯am,9:00â€¯am - 12:00â€¯am,9:00â€¯am - 12:00â€¯am,9:00â€¯am - 12:00â€¯am,9:00â€¯am - 12:00â€¯am,9:00â€¯am - 12:00â€¯am
The Barber House - Dubai Marina,5.0,"Shop 11A, Marinascape Mall, Marina Walk, Dubai Dubai Marina",Men only,Camouflage Hair,aed 100,Detoxifying Mud Scalp Treatment,aed 100,Curly Hair Perm,aed 475,Hairskeen Hair System,aed 0,9:00â€¯am - 11:00â€¯pm,9:00â€¯am - 11:00â€¯pm,9:00â€¯am - 11:00â€¯pm,9:00â€¯am - 11:00â€¯pm,9:00â€¯am - 11:00â€¯pm,9:00â€¯am - 11:00â€¯pm,9:00â€¯am - 11:00â€¯pm
Back Alive Barbershop | City Walk,4.9,"City walk- building, 10 - 01 Al Mustaqbal Street, Dubai Al Wasl",Men only,"Black, Dark Brown",aed 150,Scalp Treatment,aed 250,Dandruff Treatment,aed 250,Blow Dry & Styling,aed 50,10:00â€¯am - 10:00â€¯pm,10:00â€¯am - 10:00â€¯pm,10:00â€¯am - 10:00â€¯pm,10:00â€¯am - 10:00â€¯pm,10:00â€¯am - 10:00â€¯pm,10:00â€¯am - 10:00â€¯pm,10:00â€¯am - 10:00â€¯pm
Moe's Lounge - Al Warqa,5.0,"13 Street, Dubai Al Warqa",Not specified,Dark Color Beard,aed 30,Dark Color Hair,aed 50,Hair Keratin,aed 150,Beard Keratin,aed 70,9:30â€¯am - 12:00â€¯am,9:30â€¯am - 12:00â€¯am,9:30â€¯am - 12:00â€¯am,9:30â€¯am - 12:00â€¯am,9:30â€¯am - 12:00â€¯am,9:30â€¯am - 12:00â€¯am,9:30â€¯am - 12:00â€¯am
Mrs Cutting Edge Ladies Salon - Silicon Central Mall DSO,4.6,"Silicon Central Mall, D-107, Dubai Dubai Silicon Oasis",Not specified,add on loreal,aed 50,Deep Conditioning Treatment-Loreal (very long ),aed 350,Keratin Perfection 399AED,aed 399,Deep Conditioning Treatment-Loreal ( long ),aed 350,10:00â€¯am - 10:00â€¯pm,10:00â€¯am - 10:00â€¯pm,10:00â€¯am - 10:00â€¯pm,10:00â€¯am - 10:00â€¯pm,10:00â€¯am - 10:00â€¯pm,10:00â€¯am - 10:00â€¯pm,10:00â€¯am - 10:00â€¯pm
Mrs Cutting Edge Ladies Salon - Ibn Battuta Mall,4.6,"LF-17,18,19 Metrolink IBN Battuta Mall, Dubai",Women only,add on loreal,aed 50,Deep Conditioning Treatment-Loreal (very long ),aed 350,Keratin Perfection 399AED,aed 399,Deep Conditioning Treatment-Loreal ( long ),aed 350,10:00â€¯am - 10:00â€¯pm,10:00â€¯am - 10:00â€¯pm,10:00â€¯am - 10:00â€¯pm,10:00â€¯am - 10:00â€¯pm,10:00â€¯am - 10:00â€¯pm,10:00â€¯am - 10:00â€¯pm,10:00â€¯am - 10:00â€¯pm
The British Salon JLT,5.0,"JLT Cluster V, Gold Crest Views 1, Dubai Jumeirah Lakes Towers",Women only,TABBY Service fee 7%,aed 0,BLOW DRY CLUB MEDIUM (EXTENSIONS) - Buy 3 get 1 FREE,aed 600,LOREAL mask,aed 100,Cut & Blow dry,aed 350,9:00â€¯am - 9:00â€¯pm,9:00â€¯am - 9:00â€¯pm,9:00â€¯am - 9:00â€¯pm,9:00â€¯am - 9:00â€¯pm,9:00â€¯am - 5:00â€¯pm,9:00â€¯am - 5:00â€¯pm,Closed
Eden Blossom - Creek Harbour,4.8,"Dubai Creek Harbour, South Tower 2, Dubai",Women only,June special offer - Brazilian Blow out Treatment 20% with free Hair Trim,from aed 830.48,K18 Repair Treatment,aed 250,June Special offer - Keratin Treatment 20% with Free Hair Trim,from aed 739.48,Roots Tint 2+ | Ammonia Free,aed 390.48,10:00â€¯am - 10:00â€¯pm,10:00â€¯am - 10:00â€¯pm,10:00â€¯am - 10:00â€¯pm,10:00â€¯am - 10:00â€¯pm,10:00â€¯am - 10:00â€¯pm,10:00â€¯am - 10:00â€¯pm,10:00â€¯am - 10:00â€¯pm
Dastaan Life Barbers,5.0,"Dastaan Barbers & Beyond, Dubai, Shop SF-042, Shop SF-042, Ø¯Ø¨ÙŠ Ø²Ø¹Ø¨ÙŠÙ„, Ø²Ø¹Ø¨ÙŠÙ„ Ù¢",Men only,Haircut and Hair Colour,aed 388,Hair Colour,aed 288,Keratin,aed 800,Beard Colour,aed 108,10:00â€¯am - 11:00â€¯pm,10:00â€¯am - 11:00â€¯pm,10:00â€¯am - 11:00â€¯pm,10:00â€¯am - 11:00â€¯pm,10:00â€¯am - 12:00â€¯am,10:00â€¯am - 12:00â€¯am,10:00â€¯am - 12:00â€¯am
The Green House,5.0,"THE WINGS, ARJAN, 366R+3G2, 9, Dubai Arjan-Dubailand, Al Barsha South",Women only,Full head colour,aed 325,Root tint,aed 150,Toner,aed 100,Cut and Blow Dry,aed 325,12:00â€¯pm - 9:00â€¯pm,9:00â€¯am - 9:00â€¯pm,9:00â€¯am - 9:00â€¯pm,9:00â€¯am - 9:00â€¯pm,9:00â€¯am - 6:00â€¯pm,9:00â€¯am - 5:00â€¯pm,9:00â€¯am - 5:00â€¯pm
Be Bar Blow Dry Bar,4.9,"Villa 594, Jumeirah Beach Road, Umm Suqeim, Dubai",Women only,âœ§ MONDAY Blow Dry Promo âœ§ (11am-3pm),aed 100,Signature Blow Dry,aed 148,Complimentary Hair Color Consultation,free,Hair Cut,aed 70,8:00â€¯am - 8:00â€¯pm,8:00â€¯am - 8:00â€¯pm,8:00â€¯am - 8:00â€¯pm,8:00â€¯am - 8:00â€¯pm,9:00â€¯am - 8:00â€¯pm,9:00â€¯am - 8:00â€¯pm,8:00â€¯am - 8:00â€¯pm
Tru Beauty Lounge,4.7,"Park Centre, 26B Street, Dubai Mirdif",Women only,Milk_Shake Express Treatment,aed 180,Avocado Mask,aed 300,Hair Wash (w/o dry),aed 30,Davines Scalp and Hair,aed 310,10:00â€¯am - 10:00â€¯pm,10:00â€¯am - 10:00â€¯pm,10:00â€¯am - 10:00â€¯pm,10:00â€¯am - 10:00â€¯pm,10:00â€¯am - 10:00â€¯pm,10:00â€¯am - 10:00â€¯pm,10:00â€¯am - 10:00â€¯pm
Blade Barbers Dubai,5.0,"Azizi Riviera 8, Mohammed Bin Rashid City CP01 009, 58F3+38, Dubai Nad Al Sheba 1",Men only,Blow Dry & Styling,aed 30,Premium Facial,aed 300,"Single Process Colour (Black, Dark Brown)",aed 150,Free consultation,aed 0,Not found,Not found,Not found,Not found,Not found,Not found,Not found
Cutting Edge Hair Lounge Dmcc - Cluster U JLT,4.6,"Al Seef Tower 3, JLT Cluster U, Dubai Jumeirah Lakes Towers",Women only,Deep Conditioning Treatment-Loreal (very long ),aed 350,add on loreal,aed 50,Deep Conditioning Treatment-Loreal ( long ),aed 350,Keratin Perfection 399AED,aed 399,10:00â€¯am - 10:00â€¯pm,10:00â€¯am - 10:00â€¯pm,10:00â€¯am - 10:00â€¯pm,10:00â€¯am - 10:00â€¯pm,11:00â€¯am - 10:00â€¯pm,10:00â€¯am - 10:00â€¯pm,10:00â€¯am - 10:00â€¯pm
Volume Gents Salon,5.0,"Taaleem Residences, Al Qudra Rd, Dubai Studio City, Dubai",Men only,Hair Wash,free,Children Haircut (Under 12 Years)ğŸ‘±âœ‚ï¸,aed 50,Machine HaircutğŸ’ˆ,aed 50,Blow Dry,aed 35,10:00â€¯am - 11:00â€¯pm,10:00â€¯am - 11:00â€¯pm,10:00â€¯am - 11:00â€¯pm,10:00â€¯am - 11:00â€¯pm,10:00â€¯am - 11:00â€¯pm,10:00â€¯am - 11:00â€¯pm,10:00â€¯am - 11:00â€¯pm
Musk Barbershop JVC,5.0,"The Icon Casa, JVC, Dubai Jumeirah Village",Men only,"Trim, Wash & Blow Dry",aed 89,Full Hair Color,aed 165,Wash & Blowdry,aed 75,Beard Color,aed 55,10:00â€¯am - 10:00â€¯pm,10:00â€¯am - 10:00â€¯pm,10:00â€¯am - 10:00â€¯pm,10:00â€¯am - 10:00â€¯pm,10:00â€¯am - 10:00â€¯pm,10:00â€¯am - 10:00â€¯pm,10:00â€¯am - 10:00â€¯pm
Il Padrino Gentlemen Lounge - Dubai Hills,4.9,"Dubai Hills mall, Dubai",Men only,Dry Damage Hair Treatment,aed 190,Hair Loss Treatment,aed 200,Oily Hair & Scalp Treatment,aed 190,Dandruff Hair Treatment,aed 160,10:00â€¯am - 11:55â€¯pm,10:00â€¯am - 11:55â€¯pm,10:00â€¯am - 11:55â€¯pm,10:00â€¯am - 11:55â€¯pm,10:00â€¯am - 11:55â€¯pm,10:00â€¯am - 11:55â€¯pm,10:00â€¯am - 11:55â€¯pm
Cute Kids Saloon,4.9,"Shop #2, D61 Hessa Street, Al Barsha 3, Dubai Al Barsha 3",Not specified,Girl Haircut,aed 60,Nail Polish,aed 20,Detangler Hair with wash,aed 105,Haircut + Blow Dry,aed 80,10:00â€¯am - 10:00â€¯pm,10:00â€¯am - 10:00â€¯pm,10:00â€¯am - 10:00â€¯pm,10:00â€¯am - 10:00â€¯pm,10:00â€¯am - 10:00â€¯pm,10:00â€¯am - 10:00â€¯pm,10:00â€¯am - 10:00â€¯pm
Nail Blitz - Lake Terrace Jumeirah Lake Towers,4.9,"Lake Terrace Tower, Cluster D, Jumeirah Lakes Towers, # G-20, Dubai",Women only,"Full Body Wax ( Full arms, Full Legs & Underams ) without Brazillian ( Free eyebrows threaading or upper lips)",aed 100,Hair Roots Color (With hair wash & Blow dry),aed 150,Botox hair treatment ( Any Length ),aed 249,"Full body wax ( Full Arms, Full Legs, & Underarms with Brazillian ) ( Free eyebrows threading or Upper Lips )",aed 159,10:00â€¯am - 10:00â€¯pm,10:00â€¯am - 10:00â€¯pm,10:00â€¯am - 10:00â€¯pm,10:00â€¯am - 10:00â€¯pm,10:00â€¯am - 10:00â€¯pm,10:00â€¯am - 10:00â€¯pm,10:00â€¯am - 10:00â€¯pm
U Barbershop,5.0,"U barber, Al'Aamal street, Dubai Business Bay",Men only,Girls restyling haircut,aed 350,Fully VIP grooming,aed 650,U barber signature hair mask treatment,from aed 100,"Platinum, Blonde, Silver, Ash + haircut",from aed 650,10:00â€¯am - 9:00â€¯pm,10:00â€¯am - 9:00â€¯pm,10:00â€¯am - 9:00â€¯pm,10:00â€¯am - 9:00â€¯pm,10:00â€¯am - 9:00â€¯pm,10:00â€¯am - 9:00â€¯pm,10:00â€¯am - 9:00â€¯pm
Lunar Beauty Lounge,4.9,"Sports City, Dubai Dubai Sports City",Women only,Hair Cut & Blowdry,from aed 300,Hair extensions 60cm,"from aed 1,800",Free Consultation,free,Blow Dry,from aed 125,10:00â€¯am - 10:00â€¯pm,10:00â€¯am - 10:00â€¯pm,10:00â€¯am - 10:00â€¯pm,10:00â€¯am - 10:00â€¯pm,10:00â€¯am - 10:00â€¯pm,10:00â€¯am - 10:00â€¯pm,10:00â€¯am - 10:00â€¯pm
InstaBeauty - Aesthetic & Hair Salon,4.9,"Westburry Tower Office, Ğ”ÑƒĞ±Ğ°Ğ¹, Ø´Ø§Ø±Ø¹ Ø£Ø¨Ø±Ø§Ø¬, Dubai Business Bay",Women only,Root color,from aed 275,Hair Wash | ĞœÑ‹Ñ‚ÑŒĞµ Ğ²Ğ¾Ğ»Ğ¾Ñ,aed 105,Hair Express Treatment | Ğ­ĞºĞ¿Ñ€ĞµÑÑ ÑƒÑ…Ğ¾Ğ´ Ğ´Ğ»Ñ Ğ²Ğ¾Ğ»Ğ¾Ñ,from aed 200,Blow dry | Ğ£ĞºĞ»Ğ°Ğ´ĞºĞ° Ğ²Ğ¾Ğ»Ğ¾Ñ,aed 150,11:00â€¯am - 9:00â€¯pm,11:00â€¯am - 9:00â€¯pm,11:00â€¯am - 9:00â€¯pm,11:00â€¯am - 9:00â€¯pm,11:00â€¯am - 9:00â€¯pm,11:00â€¯am - 9:00â€¯pm,11:00â€¯am - 9:00â€¯pm
Il Padrino Gentlemen Lounge - Meadows Village,4.9,"Meadows Village, Dubai",Men only,Dry Damage Hair Treatment,aed 190,Hair Loss Treatment,aed 200,Oily Hair & Scalp Treatment,aed 190,Dandruff Hair Treatment,aed 160,9:00â€¯am - 10:00â€¯pm,9:00â€¯am - 10:00â€¯pm,9:00â€¯am - 10:00â€¯pm,9:00â€¯am - 10:00â€¯pm,9:00â€¯am - 10:00â€¯pm,9:00â€¯am - 10:00â€¯pm,9:00â€¯am - 10:00â€¯pm
Snob Salon and Boutique,4.9,"Snob Salon & Boutique, Al Wasl Rd - Al Safa 1, Villa 677B, Dubai",Women only,Express curly and go,aed 250,Gaudia Hair Oil for Dry Scalp,aed 200,I am Rafunzel Pearl and Oak Flat Weft 16inches,"aed 2,200",The Summer Smoother (BB Cream All Hair Lenth),aed 950,9:00â€¯am - 9:00â€¯pm,9:00â€¯am - 9:00â€¯pm,9:00â€¯am - 9:00â€¯pm,9:00â€¯am - 9:00â€¯pm,9:00â€¯am - 9:00â€¯pm,9:00â€¯am - 9:00â€¯pm,9:00â€¯am - 9:00â€¯pm
Grow Organic Gents Salon,5.0,"World Trade Centre Metro Footbridge, Offices 3, One Central, Dubai",Men only,Highlights,aed 400,Protein Treatment,aed 450,Hair Tretment,aed 250,Dandruff Treatment,aed 150,9:00â€¯am - 8:00â€¯pm,9:00â€¯am - 8:00â€¯pm,9:00â€¯am - 8:00â€¯pm,9:00â€¯am - 8:00â€¯pm,9:00â€¯am - 8:00â€¯pm,10:00â€¯am - 7:00â€¯pm,10:00â€¯am - 7:00â€¯pm
WOW Beauty Salon - Nakheel Mall,4.8,"Nakheel Mall, The Palm Jumeirah, Dubai",Women only,Bond Pro Treatment Very Long | WOWHAIR53,aed 350,Hair Tranformation Package Long to Very Long AED1499,"aed 1,499",Add On | WOWHAIR156,aed 50,Bond Pro Treatment Long | WOWHAIR52,aed 290,9:00â€¯am - 10:00â€¯pm,9:00â€¯am - 10:00â€¯pm,9:00â€¯am - 10:00â€¯pm,9:00â€¯am - 12:00â€¯am,9:00â€¯am - 12:00â€¯am,9:00â€¯am - 10:00â€¯pm,9:00â€¯am - 10:00â€¯pm
Belle Femme Hair & Nail Lounge - Bay Square,4.9,"Unit 102, Building 10, Ground floor, Bay Square, Dubai",Women only,Alterna Caviar Hair Treatment,from aed 370,Hair Cut,aed 210,Long Roots,from aed 420,Simply Zen Hair Treatment,from aed 350,10:00â€¯am - 9:00â€¯pm,10:00â€¯am - 9:00â€¯pm,10:00â€¯am - 9:00â€¯pm,10:00â€¯am - 9:00â€¯pm,10:00â€¯am - 9:00â€¯pm,10:00â€¯am - 9:00â€¯pm,10:00â€¯am - 9:00â€¯pm
Beauteeze Ladies Salon,4.9,"DAMAC, Merano Tower, Marasi Drive, Shop 4, Dubai Business Bay",Women only,Smart pedicure + Gel Polish,aed 185,Machine Manicure with classic color,aed 135,Machine Heel Cleaning,aed 53,Per Nail Extensions Feet,aed 32,11:00â€¯am - 9:00â€¯pm,11:00â€¯am - 9:00â€¯pm,11:00â€¯am - 9:00â€¯pm,11:00â€¯am - 9:00â€¯pm,11:00â€¯am - 9:00â€¯pm,11:00â€¯am - 9:00â€¯pm,11:00â€¯am - 9:00â€¯pm
Cutting Crew - Holiday Inn Al-Barsha,5.0,"Holiday Inn, Al Barsha 1, Dubai",Men only,Haircut and Shave,aed 190,Regular Cut,aed 160,Machine Cut,aed 120,Kid Haircut,aed 90,10:00â€¯am - 9:00â€¯pm,10:00â€¯am - 9:00â€¯pm,10:00â€¯am - 9:00â€¯pm,10:00â€¯am - 9:00â€¯pm,10:00â€¯am - 9:00â€¯pm,10:00â€¯am - 9:00â€¯pm,10:00â€¯am - 9:00â€¯pm
Roots Lab Beauty Salon,4.9,"Mirdif Avenue Mall, Level 1., Dubai Mirdif",Women only,Aloe Vera Mask,aed 230,RL Oil Hair Mask,aed 330,RL Hair Growth Mask With Sidr,aed 330,RL Hair Growth Mask Without Oils,aed 330,10:00â€¯am - 10:00â€¯pm,10:00â€¯am - 10:00â€¯pm,10:00â€¯am - 10:00â€¯pm,10:00â€¯am - 10:00â€¯pm,10:00â€¯am - 10:00â€¯pm,10:00â€¯am - 10:00â€¯pm,10:00â€¯am - 10:00â€¯pm
The Nest Hair Salon,4.9,"The Nest Salon, Jumeirah St - next to Al Masraf Bank, Dubai Umm Suqeim, Umm Suqeim 1",Women only,Oribe Serene Scalp Exfoliating Scrub,from aed 330,Airtouch,"from aed 1,126",System professioanl Smooth Mask,from aed 100,System Professional Hydrate Mask,from aed 100,9:00â€¯am - 6:00â€¯pm,9:00â€¯am - 9:00â€¯pm,9:00â€¯am - 9:00â€¯pm,9:00â€¯am - 9:00â€¯pm,9:00â€¯am - 9:00â€¯pm,9:00â€¯am - 6:00â€¯pm,Closed
Gladys Dubai Hills Branch,4.7,"Dubai Hills, Emaar, Gardenia Residence - Building B, Shop No 1, Dubai Dubai, Ø¯Ø¨ÙŠ",Women only,Applying New Hair Extension 1Pc (Without Removal),aed 21,WIG : Wash + Blowdry,from aed 189,Baby Cut,from aed 63,Front Blowdry (Starting Price),from aed 52.50,10:00â€¯am - 9:00â€¯pm,10:00â€¯am - 9:00â€¯pm,10:00â€¯am - 9:00â€¯pm,10:00â€¯am - 9:00â€¯pm,10:00â€¯am - 9:00â€¯pm,10:00â€¯am - 9:00â€¯pm,10:00â€¯am - 9:00â€¯pm
Vasteras Gents Salon,4.9,"Vasteras Gents Salon, Joud boulevard, Motor City, Dubai",Not specified,Brazilian Blow out for Normal Hair,from aed 350,Haircut + Beard,aed 110,Adult Hair Cut,aed 70,Dye Hair For Normal Hair,from aed 110,10:00â€¯am - 11:00â€¯pm,10:00â€¯am - 11:00â€¯pm,10:00â€¯am - 11:00â€¯pm,10:00â€¯am - 11:00â€¯pm,10:00â€¯am - 12:00â€¯am,10:00â€¯am - 12:00â€¯am,10:00â€¯am - 12:00â€¯am
Brown Sugar Hair Saloon,4.9,"Shop R3, Ground Floor, Park Terrace Building, Silicon Oasis, Dubai",Women only,Trim In Style,aed 85,Braid Styling,aed 53,Roots Colour,aed 180,Spirals/Rods without Wash,aed 126,Closed,9:00â€¯am - 7:30â€¯pm,9:00â€¯am - 7:30â€¯pm,9:00â€¯am - 7:30â€¯pm,9:00â€¯am - 7:30â€¯pm,9:00â€¯am - 7:30â€¯pm,12:00â€¯pm - 7:30â€¯pm
Barberia Italiana - Dubai Marina,4.9,"Dorra Bay Tower, Dubai Marina, Dubai",Men only,HAIR LOSS Scalp Treatment,aed 250,Hair Coloring,aed 150,DANDRUFF Scalp Treatment,aed 250,Beard Coloring,aed 110,Not found,Not found,Not found,Not found,Not found,Not found,Not found
